SeneddID,Name,Party,CategoryCaption,CategoryID,EntryInRespectOf,EntrySubject
8625,Rhys ab Owen,Plaid Cymru,1. Category 1: Directorships,1,None,None
8625,Rhys ab Owen,Plaid Cymru,"2. Category 2: Remunerated employment, office, profession etc",2,None,None
8625,Rhys ab Owen,Plaid Cymru,3. Category 3: Names of clients,3,Member,Self-employed Barrister (SO 4.3 - Band 1 – Less than 5 hours a week)
8625,Rhys ab Owen,Plaid Cymru,3. Category 3: Names of clients,3,Spouse,"Clerk, Welsh Parliament"
8625,Rhys ab Owen,Plaid Cymru,"4. Category 4: Gifts, hospitality, material benefit or advantage",4,None,None
8625,Rhys ab Owen,Plaid Cymru,5. Category 5: Remuneration or other material benefit,5,None,None
8625,Rhys ab Owen,Plaid Cymru,6. Category 6: Financial sponsorship,6,Member,All electoral costs paid for by Plaid Cymru
8625,Rhys ab Owen,Plaid Cymru,7. Category 7: Overseas visits,7,None,None
8625,Rhys ab Owen,Plaid Cymru,8. Category 8: Land and property,8,Member,One residential rented property in Cardiff
8625,Rhys ab Owen,Plaid Cymru,9. Category 9: Shareholdings,9,None,None
8625,Rhys ab Owen,Plaid Cymru,10. Category 10:Membership/Chairmanship of bodies in receipt of Senedd funds,10,None,None
8625,Rhys ab Owen,Plaid Cymru,11. Record of membership of societies,11,NA,"Member -Treasurer and Trustee, Tabernacle Church, Cardiff"
8625,Rhys ab Owen,Plaid Cymru,12. Record of the employment of family members,12,None,None
269,Mabon ap Gwynfor,Plaid Cymru,1. Category 1: Directorships,1,None,None
269,Mabon ap Gwynfor,Plaid Cymru,"2. Category 2: Remunerated employment, office, profession etc",2,Member,Councillor – Denbighshire County Council (S.O. 4.3 - Band 2 - Between 5 and 20 hours a week).
269,Mabon ap Gwynfor,Plaid Cymru,"2. Category 2: Remunerated employment, office, profession etc",2,Spouse,Advocacy Projecct Manager with National Youth Advocacy Services (advocacy charity).
269,Mabon ap Gwynfor,Plaid Cymru,3. Category 3: Names of clients,3,None,None
269,Mabon ap Gwynfor,Plaid Cymru,"4. Category 4: Gifts, hospitality, material benefit or advantage",4,None,None
269,Mabon ap Gwynfor,Plaid Cymru,5. Category 5: Remuneration or other material benefit,5,None,None
269,Mabon ap Gwynfor,Plaid Cymru,6. Category 6: Financial sponsorship,6,Member,"All costs for the 2021 election campaign were paid for by Plaid Cymru, Dwyfor Meirionnydd."
269,Mabon ap Gwynfor,Plaid Cymru,7. Category 7: Overseas visits,7,None,None
269,Mabon ap Gwynfor,Plaid Cymru,8. Category 8: Land and property,8,Member and spouse,"Member and spouse own a house and 10 acres in Cynwyd, Denbighshire."
269,Mabon ap Gwynfor,Plaid Cymru,8. Category 8: Land and property,8,Member and spouse,Member and spouse own a house in Aberystwyth.
269,Mabon ap Gwynfor,Plaid Cymru,9. Category 9: Shareholdings,9,Member,Bough a £100 in Saith Seren (A Welsh-language and hospitality centre in Wrexham) when the centre was being established.
269,Mabon ap Gwynfor,Plaid Cymru,10. Category 10:Membership/Chairmanship of bodies in receipt of Senedd funds,10,-,NA
269,Mabon ap Gwynfor,Plaid Cymru,11. Record of membership of societies,11,NA,"Capel Bethel, Cynwyd"
269,Mabon ap Gwynfor,Plaid Cymru,11. Record of membership of societies,11,NA,Cymdeithas yr Iaith Gymraeg
269,Mabon ap Gwynfor,Plaid Cymru,11. Record of membership of societies,11,NA,CND Cymru
269,Mabon ap Gwynfor,Plaid Cymru,11. Record of membership of societies,11,NA,Cymdeithas y Cymod (The Fellowship of Reconciliation in Wales)
269,Mabon ap Gwynfor,Plaid Cymru,12. Record of the employment of family members,12,None,None
336,Natasha Asghar,Welsh Conservative Party,1. Category 1: Directorships,1,Member,Unique Xavier – Property Management (SO 4.3 – Band 1 – Less than 5 hours per week).
336,Natasha Asghar,Welsh Conservative Party,"2. Category 2: Remunerated employment, office, profession etc",2,None,None
336,Natasha Asghar,Welsh Conservative Party,3. Category 3: Names of clients,3,None,None
336,Natasha Asghar,Welsh Conservative Party,"4. Category 4: Gifts, hospitality, material benefit or advantage",4,None,None
336,Natasha Asghar,Welsh Conservative Party,5. Category 5: Remuneration or other material benefit,5,None,None
336,Natasha Asghar,Welsh Conservative Party,6. Category 6: Financial sponsorship,6,None,None
336,Natasha Asghar,Welsh Conservative Party,7. Category 7: Overseas visits,7,None,None
336,Natasha Asghar,Welsh Conservative Party,8. Category 8: Land and property,8,Member,Memorandum of trust in place for 3 residential properties (2 in Newport and 1 in London).
336,Natasha Asghar,Welsh Conservative Party,9. Category 9: Shareholdings,9,None,None
336,Natasha Asghar,Welsh Conservative Party,10. Category 10:Membership/Chairmanship of bodies in receipt of Senedd funds,10,None,None
336,Natasha Asghar,Welsh Conservative Party,11. Record of membership of societies,11,NA,None
336,Natasha Asghar,Welsh Conservative Party,12. Record of the employment of family members,12,None,None
4988,Dawn Bowden,Welsh Labour,1. Category 1: Directorships,1,None,None
4988,Dawn Bowden,Welsh Labour,"2. Category 2: Remunerated employment, office, profession etc",2,Spouse,Spouse is employed by Dawn Bowden MS as a senior advisor.
4988,Dawn Bowden,Welsh Labour,3. Category 3: Names of clients,3,None,None
4988,Dawn Bowden,Welsh Labour,"4. Category 4: Gifts, hospitality, material benefit or advantage",4,None,None
4988,Dawn Bowden,Welsh Labour,5. Category 5: Remuneration or other material benefit,5,None,None
4988,Dawn Bowden,Welsh Labour,6. Category 6: Financial sponsorship,6,Member,Expenses for 2021 Senedd election paid for by Merthyr Tydfil and Rhymney Constituency Labour Party.
4988,Dawn Bowden,Welsh Labour,7. Category 7: Overseas visits,7,None,None
4988,Dawn Bowden,Welsh Labour,8. Category 8: Land and property,8,None,None
4988,Dawn Bowden,Welsh Labour,9. Category 9: Shareholdings,9,None,None
4988,Dawn Bowden,Welsh Labour,10. Category 10:Membership/Chairmanship of bodies in receipt of Senedd funds,10,Member,Member - Unison Public Services Union
4988,Dawn Bowden,Welsh Labour,10. Category 10:Membership/Chairmanship of bodies in receipt of Senedd funds,10,Member,Fan Owner - Merthyr Town Foodball Club (£20 per year)
4988,Dawn Bowden,Welsh Labour,10. Category 10:Membership/Chairmanship of bodies in receipt of Senedd funds,10,Member,Vice-president - Merthyr Tydfil Angling Society
4988,Dawn Bowden,Welsh Labour,10. Category 10:Membership/Chairmanship of bodies in receipt of Senedd funds,10,Member,Patron - Merthyr Tydfil and District Osteoporosis Support Group
4988,Dawn Bowden,Welsh Labour,10. Category 10:Membership/Chairmanship of bodies in receipt of Senedd funds,10,Member,Season Ticket Holder - Merthyr Tydfil Foodtball Club
4988,Dawn Bowden,Welsh Labour,10. Category 10:Membership/Chairmanship of bodies in receipt of Senedd funds,10,Member,Vice-president - Ynysowen Male Voice Choir
4988,Dawn Bowden,Welsh Labour,11. Record of membership of societies,11,NA,None
4988,Dawn Bowden,Welsh Labour,12. Record of the employment of family members,12,Name: Martin Eaglestone,Capacity in which employed: Senior Adviser
4988,Dawn Bowden,Welsh Labour,12. Record of the employment of family members,12,Family member of: Dawn Bowden MS,Date employment commenced: 11 September 2017
4988,Dawn Bowden,Welsh Labour,12. Record of the employment of family members,12,Relationship to MS: Spouse,Hours contracted to work: 22 hours
8643,Cefin Campbell,Plaid Cymru,1. Category 1: Directorships,1,Member,"Sbectrwm Consultacy – consultancy, research and training company. I was the company director between 2008 and 2021. The company was wound up on 31 May 2021 (S.O.4.3 - Band 1 – Less than 5 hours a week)."
8643,Cefin Campbell,Plaid Cymru,"2. Category 2: Remunerated employment, office, profession etc",2,Member,Councillor – Carmarthenshire County Council (S.O.4.3 - Band 1 – Less than 5 hours a week)
8643,Cefin Campbell,Plaid Cymru,3. Category 3: Names of clients,3,None,None
8643,Cefin Campbell,Plaid Cymru,"4. Category 4: Gifts, hospitality, material benefit or advantage",4,None,None
8643,Cefin Campbell,Plaid Cymru,5. Category 5: Remuneration or other material benefit,5,None,None
8643,Cefin Campbell,Plaid Cymru,6. Category 6: Financial sponsorship,6,Candidate,All 2021 Mid and West Wales election costs paid for by Plaid Cymru.
8643,Cefin Campbell,Plaid Cymru,7. Category 7: Overseas visits,7,None,None
8643,Cefin Campbell,Plaid Cymru,8. Category 8: Land and property,8,None,None
8643,Cefin Campbell,Plaid Cymru,9. Category 9: Shareholdings,9,None,None
8643,Cefin Campbell,Plaid Cymru,10. Category 10:Membership/Chairmanship of bodies in receipt of Senedd funds,10,Member,Member - Bro Myrddin Welsh Comprehensive School Governing Body.
8643,Cefin Campbell,Plaid Cymru,11. Record of membership of societies,11,NA,None
8643,Cefin Campbell,Plaid Cymru,12. Record of the employment of family members,12,None,None
143,Andrew RT Davies,Welsh Conservative Party,1. Category 1: Directorships,1,Member,T.J. Davies & Sons – Farming Business (SO 4.3 - Band 2 – between 5 and 20 hours per week).
143,Andrew RT Davies,Welsh Conservative Party,"2. Category 2: Remunerated employment, office, profession etc",2,Member,Partner in T.J. Davies & Sons – Farming Business (SO 4.3 - Band 2 – between 5 and 20 hours per week). Business is in receipt of agricultural support distributed by Welsh Government.
143,Andrew RT Davies,Welsh Conservative Party,"2. Category 2: Remunerated employment, office, profession etc",2,Member,Councillor - Vale of Glamorgan Council (SO 4.3 - Band 2 - Between 5 hours and 20 hours per week)
143,Andrew RT Davies,Welsh Conservative Party,3. Category 3: Names of clients,3,None,None
143,Andrew RT Davies,Welsh Conservative Party,"4. Category 4: Gifts, hospitality, material benefit or advantage",4,None,None
143,Andrew RT Davies,Welsh Conservative Party,5. Category 5: Remuneration or other material benefit,5,None,None
143,Andrew RT Davies,Welsh Conservative Party,6. Category 6: Financial sponsorship,6,Member,2021 Senedd election expenses were met by the Welsh Conservative Party – South Wales Central
143,Andrew RT Davies,Welsh Conservative Party,7. Category 7: Overseas visits,7,None,None
143,Andrew RT Davies,Welsh Conservative Party,8. Category 8: Land and property,8,Member,Farmland and building in the Vale of Glamorgan
143,Andrew RT Davies,Welsh Conservative Party,9. Category 9: Shareholdings,9,None,None
143,Andrew RT Davies,Welsh Conservative Party,10. Category 10:Membership/Chairmanship of bodies in receipt of Senedd funds,10,Member,Member - National Farmers’ Union
143,Andrew RT Davies,Welsh Conservative Party,10. Category 10:Membership/Chairmanship of bodies in receipt of Senedd funds,10,Member,Member - Vale of Glamorgan Agricultural Society
143,Andrew RT Davies,Welsh Conservative Party,10. Category 10:Membership/Chairmanship of bodies in receipt of Senedd funds,10,Member,President - Llantrisant Young Farmers’ Club
143,Andrew RT Davies,Welsh Conservative Party,10. Category 10:Membership/Chairmanship of bodies in receipt of Senedd funds,10,Member,Member and Life Governor - Royal Welsh Agricultural Society
143,Andrew RT Davies,Welsh Conservative Party,10. Category 10:Membership/Chairmanship of bodies in receipt of Senedd funds,10,Member,Trustee - Tomorrow’s Generation charity
143,Andrew RT Davies,Welsh Conservative Party,11. Record of membership of societies,11,NA,None
143,Andrew RT Davies,Welsh Conservative Party,12. Record of the employment of family members,12,None,None
145,Paul Davies,Welsh Conservative Party,1. Category 1: Directorships,1,None,None
145,Paul Davies,Welsh Conservative Party,"2. Category 2: Remunerated employment, office, profession etc",2,Spouse,Financial administrator for Hywel Dda University Health Board
145,Paul Davies,Welsh Conservative Party,3. Category 3: Names of clients,3,None,None
145,Paul Davies,Welsh Conservative Party,"4. Category 4: Gifts, hospitality, material benefit or advantage",4,None,None
145,Paul Davies,Welsh Conservative Party,5. Category 5: Remuneration or other material benefit,5,None,None
145,Paul Davies,Welsh Conservative Party,6. Category 6: Financial sponsorship,6,Member,Election expenses for 2021 Senedd election paid by Welsh Conservative Party
145,Paul Davies,Welsh Conservative Party,7. Category 7: Overseas visits,7,None,None
145,Paul Davies,Welsh Conservative Party,8. Category 8: Land and property,8,None,None
145,Paul Davies,Welsh Conservative Party,9. Category 9: Shareholdings,9,Member,Shares in Lloyds Bank
145,Paul Davies,Welsh Conservative Party,9. Category 9: Shareholdings,9,Spouse,Shares in Lloyds Bank
145,Paul Davies,Welsh Conservative Party,10. Category 10:Membership/Chairmanship of bodies in receipt of Senedd funds,10,Member,Member - North Pembrokeshire Transport Forum
145,Paul Davies,Welsh Conservative Party,10. Category 10:Membership/Chairmanship of bodies in receipt of Senedd funds,10,Member,President - Pembrokeshire Peoples First Member
145,Paul Davies,Welsh Conservative Party,10. Category 10:Membership/Chairmanship of bodies in receipt of Senedd funds,10,Member,Member - Clynderwen and District Young Farmers Show Society
145,Paul Davies,Welsh Conservative Party,10. Category 10:Membership/Chairmanship of bodies in receipt of Senedd funds,10,Member,Member - Friends of Theatr Gwaun
145,Paul Davies,Welsh Conservative Party,10. Category 10:Membership/Chairmanship of bodies in receipt of Senedd funds,10,Member,Member - Pembrokeshire Agricultural Society
145,Paul Davies,Welsh Conservative Party,10. Category 10:Membership/Chairmanship of bodies in receipt of Senedd funds,10,Member,Member - Paul Sartori Foundation
145,Paul Davies,Welsh Conservative Party,10. Category 10:Membership/Chairmanship of bodies in receipt of Senedd funds,10,Spouse,Member - Clynderwen and District Young Farmers Show Society
145,Paul Davies,Welsh Conservative Party,10. Category 10:Membership/Chairmanship of bodies in receipt of Senedd funds,10,Spouse,Member - Pembrokeshire Agricultural Society
145,Paul Davies,Welsh Conservative Party,11. Record of membership of societies,11,NA,Patron - Cleddau Community Arts
145,Paul Davies,Welsh Conservative Party,11. Record of membership of societies,11,NA,
145,Paul Davies,Welsh Conservative Party,11. Record of membership of societies,11,NA,
145,Paul Davies,Welsh Conservative Party,11. Record of membership of societies,11,NA,
145,Paul Davies,Welsh Conservative Party,11. Record of membership of societies,11,NA,
145,Paul Davies,Welsh Conservative Party,12. Record of the employment of family members,12,None,None
4983,Jane Dodds,Welsh Liberal Democrats,1. Category 1: Directorships,1,None,None
4983,Jane Dodds,Welsh Liberal Democrats,"2. Category 2: Remunerated employment, office, profession etc",2,Member,Social Work England registration – potential to partake in voluntary placement over next 5 years to continue professional registration (SO 4.3 - Band 1 - Less than 5 hours per week)
4983,Jane Dodds,Welsh Liberal Democrats,"2. Category 2: Remunerated employment, office, profession etc",2,Member,Duke Street Church - provision of child protection training (unpaid) (SO 4.3 - Band 1 - Less than 5 hours per week)
4983,Jane Dodds,Welsh Liberal Democrats,"2. Category 2: Remunerated employment, office, profession etc",2,Spouse,"Social Worker, Great Ormond Street Hospital (4 days a week)"
4983,Jane Dodds,Welsh Liberal Democrats,3. Category 3: Names of clients,3,None,None
4983,Jane Dodds,Welsh Liberal Democrats,"4. Category 4: Gifts, hospitality, material benefit or advantage",4,None,None
4983,Jane Dodds,Welsh Liberal Democrats,5. Category 5: Remuneration or other material benefit,5,None,None
4983,Jane Dodds,Welsh Liberal Democrats,6. Category 6: Financial sponsorship,6,None,None
4983,Jane Dodds,Welsh Liberal Democrats,7. Category 7: Overseas visits,7,None,None
4983,Jane Dodds,Welsh Liberal Democrats,8. Category 8: Land and property,8,None,None
4983,Jane Dodds,Welsh Liberal Democrats,9. Category 9: Shareholdings,9,None,None
4983,Jane Dodds,Welsh Liberal Democrats,10. Category 10:Membership/Chairmanship of bodies in receipt of Senedd funds,10,Member,Trustee - Potters House Kenya
4983,Jane Dodds,Welsh Liberal Democrats,11. Record of membership of societies,11,NA,None
4983,Jane Dodds,Welsh Liberal Democrats,12. Record of the employment of family members,12,None,None
253,Mark Drakeford,Welsh Labour,1. Category 1: Directorships,1,None,None
253,Mark Drakeford,Welsh Labour,"2. Category 2: Remunerated employment, office, profession etc",2,None,None
253,Mark Drakeford,Welsh Labour,3. Category 3: Names of clients,3,None,None
253,Mark Drakeford,Welsh Labour,"4. Category 4: Gifts, hospitality, material benefit or advantage",4,None,None
253,Mark Drakeford,Welsh Labour,5. Category 5: Remuneration or other material benefit,5,None,None
253,Mark Drakeford,Welsh Labour,6. Category 6: Financial sponsorship,6,Candidate,"Cardiff West Labour Party – £8,849.63"
253,Mark Drakeford,Welsh Labour,6. Category 6: Financial sponsorship,6,Candidate,"Unite the Union - £2,053.34"
253,Mark Drakeford,Welsh Labour,6. Category 6: Financial sponsorship,6,Candidate,"UNISON - £1,000"
253,Mark Drakeford,Welsh Labour,6. Category 6: Financial sponsorship,6,Candidate,ASLEF - £500
253,Mark Drakeford,Welsh Labour,6. Category 6: Financial sponsorship,6,Candidate,Communication Workers Union - £100
253,Mark Drakeford,Welsh Labour,7. Category 7: Overseas visits,7,None,None
253,Mark Drakeford,Welsh Labour,8. Category 8: Land and property,8,None,None
253,Mark Drakeford,Welsh Labour,9. Category 9: Shareholdings,9,None,None
253,Mark Drakeford,Welsh Labour,10. Category 10:Membership/Chairmanship of bodies in receipt of Senedd funds,10,None,None
253,Mark Drakeford,Welsh Labour,11. Record of membership of societies,11,NA,Glamorgan County Cricket Club
253,Mark Drakeford,Welsh Labour,11. Record of membership of societies,11,NA,Pontcanna Permanent Allotments Society
253,Mark Drakeford,Welsh Labour,11. Record of membership of societies,11,NA,Unite the Union
253,Mark Drakeford,Welsh Labour,11. Record of membership of societies,11,NA,UNISON
253,Mark Drakeford,Welsh Labour,11. Record of membership of societies,11,NA,"Labour Land Campaign, Action in Caerau and Ely"
253,Mark Drakeford,Welsh Labour,11. Record of membership of societies,11,NA,Cardiff City Supports’ Trust
253,Mark Drakeford,Welsh Labour,11. Record of membership of societies,11,NA,LGBT+ Labour (solidarity member)
253,Mark Drakeford,Welsh Labour,12. Record of the employment of family members,12,Name: Laura Murton,Capacity in which employed: Labour Group Policy and Co-ordination Officer
253,Mark Drakeford,Welsh Labour,12. Record of the employment of family members,12,Family Member of: Hannah Blythyn MS,Date which employment commenced: 1 August 2018
253,Mark Drakeford,Welsh Labour,12. Record of the employment of family members,12,Relationship to MS: Spouse,Hours contracted to work: 37
8585,James Evans,Welsh Conservative Party,1. Category 1: Directorships,1,None,None
8585,James Evans,Welsh Conservative Party,"2. Category 2: Remunerated employment, office, profession etc",2,Member,Councillor - Powys County Borough Council (SO 4.3 - Band 1 - Less than 5 hours per week).
8585,James Evans,Welsh Conservative Party,"2. Category 2: Remunerated employment, office, profession etc",2,Spouse,Edge of Care Worker - Powys County Council
8585,James Evans,Welsh Conservative Party,3. Category 3: Names of clients,3,None,None
8585,James Evans,Welsh Conservative Party,"4. Category 4: Gifts, hospitality, material benefit or advantage",4,None,None
8585,James Evans,Welsh Conservative Party,5. Category 5: Remuneration or other material benefit,5,None,None
8585,James Evans,Welsh Conservative Party,6. Category 6: Financial sponsorship,6,None,None
8585,James Evans,Welsh Conservative Party,7. Category 7: Overseas visits,7,None,None
8585,James Evans,Welsh Conservative Party,8. Category 8: Land and property,8,Member,"Member and spouse own Middlewood Farm, Bwlch."
8585,James Evans,Welsh Conservative Party,9. Category 9: Shareholdings,9,None,None
8585,James Evans,Welsh Conservative Party,10. Category 10:Membership/Chairmanship of bodies in receipt of Senedd funds,10,Member,Gwernyfed Rugby Club
8585,James Evans,Welsh Conservative Party,10. Category 10:Membership/Chairmanship of bodies in receipt of Senedd funds,10,Member,Radnor YFC
8585,James Evans,Welsh Conservative Party,10. Category 10:Membership/Chairmanship of bodies in receipt of Senedd funds,10,Member,Breconshire YFC
8585,James Evans,Welsh Conservative Party,10. Category 10:Membership/Chairmanship of bodies in receipt of Senedd funds,10,Member,Royal Welsh Agricultural Society
8585,James Evans,Welsh Conservative Party,10. Category 10:Membership/Chairmanship of bodies in receipt of Senedd funds,10,Member,National Farmers Union
8585,James Evans,Welsh Conservative Party,11. Record of membership of societies,11,NA,None
8585,James Evans,Welsh Conservative Party,12. Record of the employment of family members,12,None,None
375,Rebecca Evans,Welsh Labour,1. Category 1: Directorships,1,None,None
375,Rebecca Evans,Welsh Labour,"2. Category 2: Remunerated employment, office, profession etc",2,None,None
375,Rebecca Evans,Welsh Labour,3. Category 3: Names of clients,3,None,None
375,Rebecca Evans,Welsh Labour,"4. Category 4: Gifts, hospitality, material benefit or advantage",4,None,None
375,Rebecca Evans,Welsh Labour,5. Category 5: Remuneration or other material benefit,5,None,None
375,Rebecca Evans,Welsh Labour,6. Category 6: Financial sponsorship,6,None,None
375,Rebecca Evans,Welsh Labour,7. Category 7: Overseas visits,7,None,None
375,Rebecca Evans,Welsh Labour,8. Category 8: Land and property,8,None,None
375,Rebecca Evans,Welsh Labour,9. Category 9: Shareholdings,9,None,None
375,Rebecca Evans,Welsh Labour,10. Category 10:Membership/Chairmanship of bodies in receipt of Senedd funds,10,Member,Neath Port Talbot Credit Union and Swansea Bay Credit Union (part of Celtic Credit Union)
375,Rebecca Evans,Welsh Labour,11. Record of membership of societies,11,NA,None
375,Rebecca Evans,Welsh Labour,12. Record of the employment of family members,12,Name: Claire Stowell,Capacity in which employed: Press and Research Officer (previously employed by Sandy Mewies AM during third Assembly)
375,Rebecca Evans,Welsh Labour,12. Record of the employment of family members,12,Family Member of: Rebecca Evans MS,Date employment commenced: 11 May 2011
375,Rebecca Evans,Welsh Labour,12. Record of the employment of family members,12,Relationship to MS: Sibling,Hours contracted to work: 18.5 hours per week
212,Janet Finch-Saunders,Welsh Conservative Party,1. Category 1: Directorships,1,None,None
212,Janet Finch-Saunders,Welsh Conservative Party,"2. Category 2: Remunerated employment, office, profession etc",2,Member,General survey work for ComRes / Ispos Mori completed approximately twice a year (SO 4.3 - Band 1 - Less than 5 hours per week).
212,Janet Finch-Saunders,Welsh Conservative Party,3. Category 3: Names of clients,3,None,None
212,Janet Finch-Saunders,Welsh Conservative Party,"4. Category 4: Gifts, hospitality, material benefit or advantage",4,None,None
212,Janet Finch-Saunders,Welsh Conservative Party,5. Category 5: Remuneration or other material benefit,5,None,None
212,Janet Finch-Saunders,Welsh Conservative Party,6. Category 6: Financial sponsorship,6,Member,2021 election expenses met by North West Wales MCA and the Welsh Conservative Party.
212,Janet Finch-Saunders,Welsh Conservative Party,7. Category 7: Overseas visits,7,None,None
212,Janet Finch-Saunders,Welsh Conservative Party,8. Category 8: Land and property,8,Member,Jointly own 2 residential properties in Conwy County.
212,Janet Finch-Saunders,Welsh Conservative Party,8. Category 8: Land and property,8,Member,Jointly own 4 retail properties in Conwy County.
212,Janet Finch-Saunders,Welsh Conservative Party,8. Category 8: Land and property,8,Member,Jointly own a residential/holiday-let property in Menai Bridge with my daughter.
212,Janet Finch-Saunders,Welsh Conservative Party,9. Category 9: Shareholdings,9,None,None
212,Janet Finch-Saunders,Welsh Conservative Party,10. Category 10:Membership/Chairmanship of bodies in receipt of Senedd funds,10,None,None
212,Janet Finch-Saunders,Welsh Conservative Party,11. Record of membership of societies,11,NA,None
212,Janet Finch-Saunders,Welsh Conservative Party,12. Record of the employment of family members,12,None,None
8634,Luke Fletcher,Plaid Cymru,1. Category 1: Directorships,1,None,None
8634,Luke Fletcher,Plaid Cymru,"2. Category 2: Remunerated employment, office, profession etc",2,Partner,"Editor, WJEC (exam board)"
8634,Luke Fletcher,Plaid Cymru,3. Category 3: Names of clients,3,None,None
8634,Luke Fletcher,Plaid Cymru,"4. Category 4: Gifts, hospitality, material benefit or advantage",4,None,None
8634,Luke Fletcher,Plaid Cymru,5. Category 5: Remuneration or other material benefit,5,None,None
8634,Luke Fletcher,Plaid Cymru,6. Category 6: Financial sponsorship,6,Member,All 2021 election expenses covered by Plaid Cymru.
8634,Luke Fletcher,Plaid Cymru,7. Category 7: Overseas visits,7,None,None
8634,Luke Fletcher,Plaid Cymru,8. Category 8: Land and property,8,None,None
8634,Luke Fletcher,Plaid Cymru,9. Category 9: Shareholdings,9,None,None
8634,Luke Fletcher,Plaid Cymru,10. Category 10:Membership/Chairmanship of bodies in receipt of Senedd funds,10,Member,Member - Pencoed Miners Welfare Hall
8634,Luke Fletcher,Plaid Cymru,10. Category 10:Membership/Chairmanship of bodies in receipt of Senedd funds,10,Member,School Governor - Pencoed Primary School
8634,Luke Fletcher,Plaid Cymru,11. Record of membership of societies,11,NA,None
8634,Luke Fletcher,Plaid Cymru,12. Record of the employment of family members,12,None,None
4787,Peter Fox,Welsh Conservative Party,1. Category 1: Directorships,1,None,None
4787,Peter Fox,Welsh Conservative Party,"2. Category 2: Remunerated employment, office, profession etc",2,Member,"P.A & J Fox – Farming Business (SO 4.3 - Band 2 – between 5 and 20 hours per week). Business is in receipt of support
under the EU’s Common Agricultural Policy."
4787,Peter Fox,Welsh Conservative Party,"2. Category 2: Remunerated employment, office, profession etc",2,Member,"Councillor - Monmouthshire County Council (SO 4.3 - Band 2 - Between 5 hours and 20 hours per week). Whilst eligible to receive a county councillor salary, appropriate officers of the council have been informed that I wish to forgo any further salary since being elected to the Senedd, May 6th 2021."
4787,Peter Fox,Welsh Conservative Party,"2. Category 2: Remunerated employment, office, profession etc",2,Spouse,Spouse - Employed by Monmouthshire County Council within the SPLD Service working approx 28 hours a week.
4787,Peter Fox,Welsh Conservative Party,3. Category 3: Names of clients,3,None,None
4787,Peter Fox,Welsh Conservative Party,"4. Category 4: Gifts, hospitality, material benefit or advantage",4,None,None
4787,Peter Fox,Welsh Conservative Party,5. Category 5: Remuneration or other material benefit,5,None,None
4787,Peter Fox,Welsh Conservative Party,6. Category 6: Financial sponsorship,6,Member,2021 Election expenses were met by the Welsh Conservative Party via the Monmouth Conservative Association.
4787,Peter Fox,Welsh Conservative Party,7. Category 7: Overseas visits,7,None,None
4787,Peter Fox,Welsh Conservative Party,8. Category 8: Land and property,8,Member,Residential property in Bridgend owned by Member and used by family member.
4787,Peter Fox,Welsh Conservative Party,9. Category 9: Shareholdings,9,None,None
4787,Peter Fox,Welsh Conservative Party,10. Category 10:Membership/Chairmanship of bodies in receipt of Senedd funds,10,Member,Subscribing member of the National Farmers Union
4787,Peter Fox,Welsh Conservative Party,11. Record of membership of societies,11,NA,None
4787,Peter Fox,Welsh Conservative Party,12. Record of the employment of family members,12,None,None
426,Heledd Fychan,Plaid Cymru,1. Category 1: Directorships,1,None,None
426,Heledd Fychan,Plaid Cymru,"2. Category 2: Remunerated employment, office, profession etc",2,Member,"Councillor - Rhondda Cynon Taf County Borough Council, Pontypridd town ward (S.O. 4.3 - Band 2 - Between 5 and 20 hours a week). This will come to an end in May 2022, following the next council elections."
426,Heledd Fychan,Plaid Cymru,"2. Category 2: Remunerated employment, office, profession etc",2,Spouse,"Deputy Chief Executive, Plaid Cymru"
426,Heledd Fychan,Plaid Cymru,3. Category 3: Names of clients,3,None,None
426,Heledd Fychan,Plaid Cymru,"4. Category 4: Gifts, hospitality, material benefit or advantage",4,None,None
426,Heledd Fychan,Plaid Cymru,5. Category 5: Remuneration or other material benefit,5,None,None
426,Heledd Fychan,Plaid Cymru,6. Category 6: Financial sponsorship,6,None,None
426,Heledd Fychan,Plaid Cymru,7. Category 7: Overseas visits,7,None,None
426,Heledd Fychan,Plaid Cymru,8. Category 8: Land and property,8,None,None
426,Heledd Fychan,Plaid Cymru,9. Category 9: Shareholdings,9,None,None
426,Heledd Fychan,Plaid Cymru,10. Category 10:Membership/Chairmanship of bodies in receipt of Senedd funds,10,Member,Member - Artis Community Board
426,Heledd Fychan,Plaid Cymru,11. Record of membership of societies,11,NA,None
426,Heledd Fychan,Plaid Cymru,12. Record of the employment of family members,12,None,None
8733,Tom Giffard,Welsh Conservative Party,1. Category 1: Directorships,1,None,None
8733,Tom Giffard,Welsh Conservative Party,"2. Category 2: Remunerated employment, office, profession etc",2,Member,Councillor - Bridgend County Borough Council (SO 4.3 - Band 2 - Between 5 and 20 hours per week).
8733,Tom Giffard,Welsh Conservative Party,3. Category 3: Names of clients,3,None,None
8733,Tom Giffard,Welsh Conservative Party,"4. Category 4: Gifts, hospitality, material benefit or advantage",4,None,None
8733,Tom Giffard,Welsh Conservative Party,5. Category 5: Remuneration or other material benefit,5,None,None
8733,Tom Giffard,Welsh Conservative Party,6. Category 6: Financial sponsorship,6,None,None
8733,Tom Giffard,Welsh Conservative Party,7. Category 7: Overseas visits,7,None,None
8733,Tom Giffard,Welsh Conservative Party,8. Category 8: Land and property,8,None,None
8733,Tom Giffard,Welsh Conservative Party,9. Category 9: Shareholdings,9,None,None
8733,Tom Giffard,Welsh Conservative Party,10. Category 10:Membership/Chairmanship of bodies in receipt of Senedd funds,10,None,None
8733,Tom Giffard,Welsh Conservative Party,11. Record of membership of societies,11,NA,None
8733,Tom Giffard,Welsh Conservative Party,12. Record of the employment of family members,12,None,None
5107,Vikki Howells,Welsh Labour,1. Category 1: Directorships,1,None,None
5107,Vikki Howells,Welsh Labour,"2. Category 2: Remunerated employment, office, profession etc",2,None,None
5107,Vikki Howells,Welsh Labour,3. Category 3: Names of clients,3,None,None
5107,Vikki Howells,Welsh Labour,"4. Category 4: Gifts, hospitality, material benefit or advantage",4,None,None
5107,Vikki Howells,Welsh Labour,5. Category 5: Remuneration or other material benefit,5,None,None
5107,Vikki Howells,Welsh Labour,6. Category 6: Financial sponsorship,6,Candidate,All costs relating to 2021 Senedd election were met by Cynon Valley Constituency Labour Party.
5107,Vikki Howells,Welsh Labour,7. Category 7: Overseas visits,7,None,None
5107,Vikki Howells,Welsh Labour,8. Category 8: Land and property,8,None,None
5107,Vikki Howells,Welsh Labour,9. Category 9: Shareholdings,9,None,None
5107,Vikki Howells,Welsh Labour,10. Category 10:Membership/Chairmanship of bodies in receipt of Senedd funds,10,Member,Member - Bevan Foundation
5107,Vikki Howells,Welsh Labour,10. Category 10:Membership/Chairmanship of bodies in receipt of Senedd funds,10,Member,Member - Co-operative Party
5107,Vikki Howells,Welsh Labour,10. Category 10:Membership/Chairmanship of bodies in receipt of Senedd funds,10,Member,Member - GMB
5107,Vikki Howells,Welsh Labour,10. Category 10:Membership/Chairmanship of bodies in receipt of Senedd funds,10,Member,Member - USDAW
5107,Vikki Howells,Welsh Labour,10. Category 10:Membership/Chairmanship of bodies in receipt of Senedd funds,10,Member,Member - Cynon Valley Museum
5107,Vikki Howells,Welsh Labour,10. Category 10:Membership/Chairmanship of bodies in receipt of Senedd funds,10,Member,Patron - Mountain Ash and District Choral Society
5107,Vikki Howells,Welsh Labour,10. Category 10:Membership/Chairmanship of bodies in receipt of Senedd funds,10,Member,Patron - Friends of Aberdare Park
5107,Vikki Howells,Welsh Labour,10. Category 10:Membership/Chairmanship of bodies in receipt of Senedd funds,10,Member,Trustee -  Rees Llewellyn Scholarship Fund
5107,Vikki Howells,Welsh Labour,11. Record of membership of societies,11,NA,President - Friends R Us
5107,Vikki Howells,Welsh Labour,11. Record of membership of societies,11,NA,Vice-President - Cwmbach Male Voice Choir
5107,Vikki Howells,Welsh Labour,11. Record of membership of societies,11,NA,Member - Cynon Valley History Society
5107,Vikki Howells,Welsh Labour,12. Record of the employment of family members,12,None,None
543,Altaf Hussain,Welsh Conservative Party,1. Category 1: Directorships,1,None,None
543,Altaf Hussain,Welsh Conservative Party,"2. Category 2: Remunerated employment, office, profession etc",2,Member,"Councillor, Pen Y Fai Ward - Bridgend County Borough Council (SO 4.3 - Band 2 - Between 5 hours and 20 hours per week). Part-time and received £14,217.96 pay with £2,843.40 deducted in tax up to 5 April 2021."
543,Altaf Hussain,Welsh Conservative Party,3. Category 3: Names of clients,3,None,None
543,Altaf Hussain,Welsh Conservative Party,"4. Category 4: Gifts, hospitality, material benefit or advantage",4,None,None
543,Altaf Hussain,Welsh Conservative Party,5. Category 5: Remuneration or other material benefit,5,None,None
543,Altaf Hussain,Welsh Conservative Party,6. Category 6: Financial sponsorship,6,None,None
543,Altaf Hussain,Welsh Conservative Party,7. Category 7: Overseas visits,7,None,None
543,Altaf Hussain,Welsh Conservative Party,8. Category 8: Land and property,8,None,None
543,Altaf Hussain,Welsh Conservative Party,9. Category 9: Shareholdings,9,None,None
543,Altaf Hussain,Welsh Conservative Party,10. Category 10:Membership/Chairmanship of bodies in receipt of Senedd funds,10,Member,President - South Wales West Regional Conservative Party.
543,Altaf Hussain,Welsh Conservative Party,10. Category 10:Membership/Chairmanship of bodies in receipt of Senedd funds,10,Member,"Councillor – Newcastle Higher Community Council, Pen Y Fai, Bridgend."
543,Altaf Hussain,Welsh Conservative Party,10. Category 10:Membership/Chairmanship of bodies in receipt of Senedd funds,10,Member,"Governor – Church and Wales Primary School, Pen Y Fai, Bridgend."
543,Altaf Hussain,Welsh Conservative Party,10. Category 10:Membership/Chairmanship of bodies in receipt of Senedd funds,10,Member,"Councillor, Pen Y Fai Ward, Bridgend County Borough Council, Bridgend."
543,Altaf Hussain,Welsh Conservative Party,10. Category 10:Membership/Chairmanship of bodies in receipt of Senedd funds,10,Member,"Chairman Board of Trustees - Brynawel Rehab House, Llanharan."
543,Altaf Hussain,Welsh Conservative Party,10. Category 10:Membership/Chairmanship of bodies in receipt of Senedd funds,10,Member,Member - Bridgend Community Health Council.
543,Altaf Hussain,Welsh Conservative Party,10. Category 10:Membership/Chairmanship of bodies in receipt of Senedd funds,10,Member,Member - Cwm Taf Morgannwg Community Health Council.
543,Altaf Hussain,Welsh Conservative Party,11. Record of membership of societies,11,NA,None
543,Altaf Hussain,Welsh Conservative Party,12. Record of the employment of family members,12,None,None
157,Mark Isherwood,Welsh Conservative Party,1. Category 1: Directorships,1,None,None
157,Mark Isherwood,Welsh Conservative Party,"2. Category 2: Remunerated employment, office, profession etc",2,Spouse,Employed by Mark Isherwood MS as a Constituency Assistant (5 hours per week)
157,Mark Isherwood,Welsh Conservative Party,3. Category 3: Names of clients,3,None,None
157,Mark Isherwood,Welsh Conservative Party,"4. Category 4: Gifts, hospitality, material benefit or advantage",4,None,None
157,Mark Isherwood,Welsh Conservative Party,5. Category 5: Remuneration or other material benefit,5,None,None
157,Mark Isherwood,Welsh Conservative Party,6. Category 6: Financial sponsorship,6,Member,2021 election expenses met by the Member or the Welsh Conservative Party
157,Mark Isherwood,Welsh Conservative Party,7. Category 7: Overseas visits,7,None,None
157,Mark Isherwood,Welsh Conservative Party,8. Category 8: Land and property,8,None,None
157,Mark Isherwood,Welsh Conservative Party,9. Category 9: Shareholdings,9,None,None
157,Mark Isherwood,Welsh Conservative Party,10. Category 10:Membership/Chairmanship of bodies in receipt of Senedd funds,10,Member,Vice President – North Wales Disability Resources Centre
157,Mark Isherwood,Welsh Conservative Party,10. Category 10:Membership/Chairmanship of bodies in receipt of Senedd funds,10,Member,Patron – British Association of Social Workers
157,Mark Isherwood,Welsh Conservative Party,10. Category 10:Membership/Chairmanship of bodies in receipt of Senedd funds,10,Member,Ambassador – Clwyd Girl Guides
157,Mark Isherwood,Welsh Conservative Party,10. Category 10:Membership/Chairmanship of bodies in receipt of Senedd funds,10,Member,Vice President – North Wales Play
157,Mark Isherwood,Welsh Conservative Party,10. Category 10:Membership/Chairmanship of bodies in receipt of Senedd funds,10,Member,Vice Patron – RORO sailing project
157,Mark Isherwood,Welsh Conservative Party,10. Category 10:Membership/Chairmanship of bodies in receipt of Senedd funds,10,Member,Member – Glyndŵr University Court
157,Mark Isherwood,Welsh Conservative Party,10. Category 10:Membership/Chairmanship of bodies in receipt of Senedd funds,10,Member,Member – North Wales Wildlife Trust
157,Mark Isherwood,Welsh Conservative Party,10. Category 10:Membership/Chairmanship of bodies in receipt of Senedd funds,10,Member,Patron – Centre of Sign-Sight-Sound (previously North Wales Deaf Association)
157,Mark Isherwood,Welsh Conservative Party,10. Category 10:Membership/Chairmanship of bodies in receipt of Senedd funds,10,Member,President - Networking for World Awareness of Multicultural Integration (NWAMI)
157,Mark Isherwood,Welsh Conservative Party,10. Category 10:Membership/Chairmanship of bodies in receipt of Senedd funds,10,Member,Vice President – Boys and Girls Clubs for Wales
157,Mark Isherwood,Welsh Conservative Party,10. Category 10:Membership/Chairmanship of bodies in receipt of Senedd funds,10,Member,Trustee – FNF Both Parents Matter Cymru
157,Mark Isherwood,Welsh Conservative Party,10. Category 10:Membership/Chairmanship of bodies in receipt of Senedd funds,10,Member,Patron – FDF Centre for Independent Living
157,Mark Isherwood,Welsh Conservative Party,10. Category 10:Membership/Chairmanship of bodies in receipt of Senedd funds,10,Member,Patron - Policy Forum for Wales
157,Mark Isherwood,Welsh Conservative Party,10. Category 10:Membership/Chairmanship of bodies in receipt of Senedd funds,10,Member,Member - Buddies Autism Club
157,Mark Isherwood,Welsh Conservative Party,10. Category 10:Membership/Chairmanship of bodies in receipt of Senedd funds,10,Member,Conwy Citizens Advice Bureau
157,Mark Isherwood,Welsh Conservative Party,10. Category 10:Membership/Chairmanship of bodies in receipt of Senedd funds,10,Member,Honorary Member - Wrexham-Bidston Rail Users Association
157,Mark Isherwood,Welsh Conservative Party,10. Category 10:Membership/Chairmanship of bodies in receipt of Senedd funds,10,Member,Honorary Associate Member – British Veterinary Association
157,Mark Isherwood,Welsh Conservative Party,10. Category 10:Membership/Chairmanship of bodies in receipt of Senedd funds,10,Member,Ambassador - National Trading Standards Scams Team
157,Mark Isherwood,Welsh Conservative Party,10. Category 10:Membership/Chairmanship of bodies in receipt of Senedd funds,10,Member,Subscriber - Bevan Foundation
157,Mark Isherwood,Welsh Conservative Party,10. Category 10:Membership/Chairmanship of bodies in receipt of Senedd funds,10,Member,Institute of Welsh Affairs
157,Mark Isherwood,Welsh Conservative Party,10. Category 10:Membership/Chairmanship of bodies in receipt of Senedd funds,10,Member,Honorary Member - Flint and Holywell Rotary Club
157,Mark Isherwood,Welsh Conservative Party,10. Category 10:Membership/Chairmanship of bodies in receipt of Senedd funds,10,Member,Patron - British Polio Fellowship
157,Mark Isherwood,Welsh Conservative Party,11. Record of membership of societies,11,NA,Member - North Wales Business Club
157,Mark Isherwood,Welsh Conservative Party,11. Record of membership of societies,11,NA,Member - North East Wales Heritage Forum
157,Mark Isherwood,Welsh Conservative Party,12. Record of the employment of family members,12,Name: Hilary Isherwood,Capacity in which employed: Constituency Caseworker
157,Mark Isherwood,Welsh Conservative Party,12. Record of the employment of family members,12,Family member of: Mark Isherwood MS,Date employment commenced: 2 May 2003
157,Mark Isherwood,Welsh Conservative Party,12. Record of the employment of family members,12,Relationship to MS: Wife,Hours contracted to work: 5 hours per week
584,Julie James,Welsh Labour,1. Category 1: Directorships,1,Spouse,Director of Flattout Design Limited (electronic engineering design)
584,Julie James,Welsh Labour,"2. Category 2: Remunerated employment, office, profession etc",2,None,None
584,Julie James,Welsh Labour,3. Category 3: Names of clients,3,None,None
584,Julie James,Welsh Labour,"4. Category 4: Gifts, hospitality, material benefit or advantage",4,None,None
584,Julie James,Welsh Labour,5. Category 5: Remuneration or other material benefit,5,None,None
584,Julie James,Welsh Labour,6. Category 6: Financial sponsorship,6,None,None
584,Julie James,Welsh Labour,7. Category 7: Overseas visits,7,None,None
584,Julie James,Welsh Labour,8. Category 8: Land and property,8,None,None
584,Julie James,Welsh Labour,9. Category 9: Shareholdings,9,None,None
584,Julie James,Welsh Labour,10. Category 10:Membership/Chairmanship of bodies in receipt of Senedd funds,10,Member,RSPB
584,Julie James,Welsh Labour,10. Category 10:Membership/Chairmanship of bodies in receipt of Senedd funds,10,Member,National Trust
584,Julie James,Welsh Labour,10. Category 10:Membership/Chairmanship of bodies in receipt of Senedd funds,10,Member,World Wide Fund for Nature (WWF)
584,Julie James,Welsh Labour,10. Category 10:Membership/Chairmanship of bodies in receipt of Senedd funds,10,Member,Woodland Trust
584,Julie James,Welsh Labour,10. Category 10:Membership/Chairmanship of bodies in receipt of Senedd funds,10,Member,Aberglasney Gardens
584,Julie James,Welsh Labour,10. Category 10:Membership/Chairmanship of bodies in receipt of Senedd funds,10,Member,Amnesty international
584,Julie James,Welsh Labour,10. Category 10:Membership/Chairmanship of bodies in receipt of Senedd funds,10,Member,Greenpeace
584,Julie James,Welsh Labour,10. Category 10:Membership/Chairmanship of bodies in receipt of Senedd funds,10,Member,Royal Horticultural Society
584,Julie James,Welsh Labour,11. Record of membership of societies,11,NA,None
584,Julie James,Welsh Labour,12. Record of the employment of family members,12,Name: Oliver James-Flatt,Capacity in which employed: Press and Communications Officer
584,Julie James,Welsh Labour,12. Record of the employment of family members,12,Family Member of: Julie James MS,Date which employment commenced: 21 August 2019
584,Julie James,Welsh Labour,12. Record of the employment of family members,12,Relationship to MS: Son,Hours contracted to work: 30
5207,Delyth Jewell,Plaid Cymru,1. Category 1: Directorships,1,None,None
5207,Delyth Jewell,Plaid Cymru,"2. Category 2: Remunerated employment, office, profession etc",2,None,None
5207,Delyth Jewell,Plaid Cymru,3. Category 3: Names of clients,3,None,None
5207,Delyth Jewell,Plaid Cymru,"4. Category 4: Gifts, hospitality, material benefit or advantage",4,None,None
5207,Delyth Jewell,Plaid Cymru,5. Category 5: Remuneration or other material benefit,5,None,None
5207,Delyth Jewell,Plaid Cymru,6. Category 6: Financial sponsorship,6,Candidate,All 2021 election costs paid for by Plaid Cymru
5207,Delyth Jewell,Plaid Cymru,7. Category 7: Overseas visits,7,None,None
5207,Delyth Jewell,Plaid Cymru,8. Category 8: Land and property,8,None,None
5207,Delyth Jewell,Plaid Cymru,9. Category 9: Shareholdings,9,None,None
5207,Delyth Jewell,Plaid Cymru,10. Category 10:Membership/Chairmanship of bodies in receipt of Senedd funds,10,None,None
5207,Delyth Jewell,Plaid Cymru,11. Record of membership of societies,11,NA,None
5207,Delyth Jewell,Plaid Cymru,12. Record of the employment of family members,12,None,None
171,Darren Millar,Welsh Conservative Party,1. Category 1: Directorships,1,Member,The Evan Roberts Institute - Registered Charity (Band 1: Less than 5 hours per week)
171,Darren Millar,Welsh Conservative Party,1. Category 1: Directorships,1,Member,Member Assemblies of God Incorporated (Band 1: Less than 5 hours per week)
171,Darren Millar,Welsh Conservative Party,"2. Category 2: Remunerated employment, office, profession etc",2,Spouse,Care for the Family (Charity)
171,Darren Millar,Welsh Conservative Party,"2. Category 2: Remunerated employment, office, profession etc",2,Spouse,Spouse is employed by Darren Millar MS as a part-time administrator and caseworker
171,Darren Millar,Welsh Conservative Party,"2. Category 2: Remunerated employment, office, profession etc",2,Member,Management role - The Pocket Testament League UK (charitable organisation) (Band 2: Between 5 hours and 20 hours per week)
171,Darren Millar,Welsh Conservative Party,3. Category 3: Names of clients,3,None,None
171,Darren Millar,Welsh Conservative Party,"4. Category 4: Gifts, hospitality, material benefit or advantage",4,None,None
171,Darren Millar,Welsh Conservative Party,5. Category 5: Remuneration or other material benefit,5,None,None
171,Darren Millar,Welsh Conservative Party,6. Category 6: Financial sponsorship,6,Member,2021 election expenses met by the Welsh Conservative Association and Clwyd West Conservatives Association.
171,Darren Millar,Welsh Conservative Party,7. Category 7: Overseas visits,7,None,None
171,Darren Millar,Welsh Conservative Party,8. Category 8: Land and property,8,Member and Spouse,Residential property in Kinmel Bay jointly owned by Member and spouse.
171,Darren Millar,Welsh Conservative Party,8. Category 8: Land and property,8,Member and Spouse,Residential property in Cardiff jointly owned by Member and spouse.
171,Darren Millar,Welsh Conservative Party,8. Category 8: Land and property,8,Member and Spouse,1 residential property in Towyn part owned by Member and spouse.
171,Darren Millar,Welsh Conservative Party,9. Category 9: Shareholdings,9,None,None
171,Darren Millar,Welsh Conservative Party,10. Category 10:Membership/Chairmanship of bodies in receipt of Senedd funds,10,Member,Member - Bangor University Court
171,Darren Millar,Welsh Conservative Party,10. Category 10:Membership/Chairmanship of bodies in receipt of Senedd funds,10,Member,Patron - British Association of Social Workers (BASW) Cymru
171,Darren Millar,Welsh Conservative Party,10. Category 10:Membership/Chairmanship of bodies in receipt of Senedd funds,10,Member,Companion - Chartered Institute of Management
171,Darren Millar,Welsh Conservative Party,10. Category 10:Membership/Chairmanship of bodies in receipt of Senedd funds,10,Member,Member - Clocaenog Red Squirrels Trust
171,Darren Millar,Welsh Conservative Party,10. Category 10:Membership/Chairmanship of bodies in receipt of Senedd funds,10,Member and Spouse,Member - Evangelical Alliance
171,Darren Millar,Welsh Conservative Party,10. Category 10:Membership/Chairmanship of bodies in receipt of Senedd funds,10,Member and Family,Member - Festival Church
171,Darren Millar,Welsh Conservative Party,10. Category 10:Membership/Chairmanship of bodies in receipt of Senedd funds,10,Member,Member - Glyndŵr University Court
171,Darren Millar,Welsh Conservative Party,10. Category 10:Membership/Chairmanship of bodies in receipt of Senedd funds,10,Member,Fellow - Institute of Leadership and Management
171,Darren Millar,Welsh Conservative Party,10. Category 10:Membership/Chairmanship of bodies in receipt of Senedd funds,10,Member,Member - National Residential Landlords Association
171,Darren Millar,Welsh Conservative Party,10. Category 10:Membership/Chairmanship of bodies in receipt of Senedd funds,10,Member,Member - Reserve Forces and Cadets Association for Wales
171,Darren Millar,Welsh Conservative Party,10. Category 10:Membership/Chairmanship of bodies in receipt of Senedd funds,10,Member,"Fellow - Royal Society for the encouragement of Arts, Manufacturing and Governance"
171,Darren Millar,Welsh Conservative Party,10. Category 10:Membership/Chairmanship of bodies in receipt of Senedd funds,10,Member,Member - Ruthin and District Civic Society
171,Darren Millar,Welsh Conservative Party,10. Category 10:Membership/Chairmanship of bodies in receipt of Senedd funds,10,Member,"Governor - St Brigid's School, Denbigh"
171,Darren Millar,Welsh Conservative Party,10. Category 10:Membership/Chairmanship of bodies in receipt of Senedd funds,10,Member and Spouse,Honorary Life Member - Welsh Mountain Zoo
171,Darren Millar,Welsh Conservative Party,10. Category 10:Membership/Chairmanship of bodies in receipt of Senedd funds,10,Member,-
171,Darren Millar,Welsh Conservative Party,11. Record of membership of societies,11,NA,Colwyn Bay Rotary Club
171,Darren Millar,Welsh Conservative Party,11. Record of membership of societies,11,NA,Rhos-on-Sea Cricket Club
171,Darren Millar,Welsh Conservative Party,11. Record of membership of societies,11,NA,"National Club, London"
171,Darren Millar,Welsh Conservative Party,11. Record of membership of societies,11,NA,Conservative Friends of the Commonwealth
171,Darren Millar,Welsh Conservative Party,11. Record of membership of societies,11,NA,Conservative Friends of Israel
171,Darren Millar,Welsh Conservative Party,12. Record of the employment of family members,12,Name: Rebekah Millar,Capacity in which employed: Research Assistant and Administrator
171,Darren Millar,Welsh Conservative Party,12. Record of the employment of family members,12,Family member of: Darren Millar MS,Date employment commenced: 5 November 2007
171,Darren Millar,Welsh Conservative Party,12. Record of the employment of family members,12,Relationship to MS: Wife,Hours contracted to work: 22.2 hours per week
171,Darren Millar,Welsh Conservative Party,12. Record of the employment of family members,12,Name: Natasha Rowlands,Capacity in which employed: Caseworker
171,Darren Millar,Welsh Conservative Party,12. Record of the employment of family members,12,Family member of: Sam Rowlands MS,Date employment commenced: 24 May 2021
171,Darren Millar,Welsh Conservative Party,12. Record of the employment of family members,12,Relationship to MS: Wife,Hours contracted to work: 22.2 hours per week
8579,Peredur Owen Griffiths,Plaid Cymru,1. Category 1: Directorships,1,None,None
8579,Peredur Owen Griffiths,Plaid Cymru,"2. Category 2: Remunerated employment, office, profession etc",2,Spouse,"Communications Officer, Plaid Cymru"
8579,Peredur Owen Griffiths,Plaid Cymru,3. Category 3: Names of clients,3,None,None
8579,Peredur Owen Griffiths,Plaid Cymru,"4. Category 4: Gifts, hospitality, material benefit or advantage",4,None,None
8579,Peredur Owen Griffiths,Plaid Cymru,5. Category 5: Remuneration or other material benefit,5,None,None
8579,Peredur Owen Griffiths,Plaid Cymru,6. Category 6: Financial sponsorship,6,Candidate,All 2021 election costs were paid for by Plaid Cymru.
8579,Peredur Owen Griffiths,Plaid Cymru,7. Category 7: Overseas visits,7,None,None
8579,Peredur Owen Griffiths,Plaid Cymru,8. Category 8: Land and property,8,None,None
8579,Peredur Owen Griffiths,Plaid Cymru,9. Category 9: Shareholdings,9,None,None
8579,Peredur Owen Griffiths,Plaid Cymru,10. Category 10:Membership/Chairmanship of bodies in receipt of Senedd funds,10,None,None
8579,Peredur Owen Griffiths,Plaid Cymru,11. Record of membership of societies,11,NA,None
8579,Peredur Owen Griffiths,Plaid Cymru,12. Record of the employment of family members,12,None,None
6571,Jack Sargeant,Welsh Labour,1. Category 1: Directorships,1,None,None
6571,Jack Sargeant,Welsh Labour,"2. Category 2: Remunerated employment, office, profession etc",2,None,None
6571,Jack Sargeant,Welsh Labour,3. Category 3: Names of clients,3,None,None
6571,Jack Sargeant,Welsh Labour,"4. Category 4: Gifts, hospitality, material benefit or advantage",4,None,None
6571,Jack Sargeant,Welsh Labour,5. Category 5: Remuneration or other material benefit,5,None,None
6571,Jack Sargeant,Welsh Labour,6. Category 6: Financial sponsorship,6,Member,Senedd election 2021 campaign expenses met by Alyn and Deeside constituency Labour Party and Connah’s Quay Branch Labour Party.
6571,Jack Sargeant,Welsh Labour,7. Category 7: Overseas visits,7,None,None
6571,Jack Sargeant,Welsh Labour,8. Category 8: Land and property,8,None,None
6571,Jack Sargeant,Welsh Labour,9. Category 9: Shareholdings,9,None,None
6571,Jack Sargeant,Welsh Labour,10. Category 10:Membership/Chairmanship of bodies in receipt of Senedd funds,10,Member,Member - Unite the Union
6571,Jack Sargeant,Welsh Labour,10. Category 10:Membership/Chairmanship of bodies in receipt of Senedd funds,10,Member,Member - Community Union
6571,Jack Sargeant,Welsh Labour,10. Category 10:Membership/Chairmanship of bodies in receipt of Senedd funds,10,Member,Honorary Member - Royal Welsh Fusiliers - Shotton and Deeside
6571,Jack Sargeant,Welsh Labour,10. Category 10:Membership/Chairmanship of bodies in receipt of Senedd funds,10,Member,Club Ambassador - Connah’s Quay Nomads Football Club
6571,Jack Sargeant,Welsh Labour,10. Category 10:Membership/Chairmanship of bodies in receipt of Senedd funds,10,Member,Honorary Member - British Institute of Inn Keeping (BII)
6571,Jack Sargeant,Welsh Labour,10. Category 10:Membership/Chairmanship of bodies in receipt of Senedd funds,10,Member,Member of 5G EDC project consortium
6571,Jack Sargeant,Welsh Labour,10. Category 10:Membership/Chairmanship of bodies in receipt of Senedd funds,10,Member,"Other memberships include Bangor University, Vodafone, Comtek, Sorrento Networks, Fibrespeed, Fotech Solutions and ITS"
6571,Jack Sargeant,Welsh Labour,11. Record of membership of societies,11,NA,None
6571,Jack Sargeant,Welsh Labour,12. Record of the employment of family members,12,Martin Gerald White,"Capacity in which employed: Part-time
Caseworker"
6571,Jack Sargeant,Welsh Labour,12. Record of the employment of family members,12,Family member of: Jack Sargeant MS,Date employment commenced: 2 March 2018
6571,Jack Sargeant,Welsh Labour,12. Record of the employment of family members,12,Relationship to MS: Uncle,Hours contracted to work: 22.2
267,Ken Skates,Welsh Labour,1. Category 1: Directorships,1,None,None
267,Ken Skates,Welsh Labour,"2. Category 2: Remunerated employment, office, profession etc",2,None,None
267,Ken Skates,Welsh Labour,3. Category 3: Names of clients,3,None,None
267,Ken Skates,Welsh Labour,"4. Category 4: Gifts, hospitality, material benefit or advantage",4,Member,Dinner on 27 May 2021 organised by Airbus UK.
267,Ken Skates,Welsh Labour,5. Category 5: Remuneration or other material benefit,5,None,None
267,Ken Skates,Welsh Labour,6. Category 6: Financial sponsorship,6,Member,All expenses for 2021 Senedd election paid by Clwyd South CLP with contributions to CLP election support from Unite the union.
267,Ken Skates,Welsh Labour,7. Category 7: Overseas visits,7,None,None
267,Ken Skates,Welsh Labour,8. Category 8: Land and property,8,Member,Holiday home in France (occasional rental).
267,Ken Skates,Welsh Labour,9. Category 9: Shareholdings,9,None,None
267,Ken Skates,Welsh Labour,10. Category 10:Membership/Chairmanship of bodies in receipt of Senedd funds,10,Member,Member - Rhos Male Voice Choir
267,Ken Skates,Welsh Labour,10. Category 10:Membership/Chairmanship of bodies in receipt of Senedd funds,10,Member,Vice President - Llangollen Eisteddfod
267,Ken Skates,Welsh Labour,10. Category 10:Membership/Chairmanship of bodies in receipt of Senedd funds,10,Member,"Member - The Stiwt, Rhos"
267,Ken Skates,Welsh Labour,10. Category 10:Membership/Chairmanship of bodies in receipt of Senedd funds,10,Member,Unite the Union
267,Ken Skates,Welsh Labour,10. Category 10:Membership/Chairmanship of bodies in receipt of Senedd funds,10,Member,Mold golf club
267,Ken Skates,Welsh Labour,10. Category 10:Membership/Chairmanship of bodies in receipt of Senedd funds,10,Member,Plas Madoc leisure centre
267,Ken Skates,Welsh Labour,11. Record of membership of societies,11,NA,None
267,Ken Skates,Welsh Labour,12. Record of the employment of family members,12,None,None
4978,Lee Waters,Welsh Labour,1. Category 1: Directorships,1,None,None
4978,Lee Waters,Welsh Labour,"2. Category 2: Remunerated employment, office, profession etc",2,Spouse,"Head of Communications, Engagement and Involvement, Health and Care Research Wales"
4978,Lee Waters,Welsh Labour,3. Category 3: Names of clients,3,None,None
4978,Lee Waters,Welsh Labour,"4. Category 4: Gifts, hospitality, material benefit or advantage",4,None,None
4978,Lee Waters,Welsh Labour,5. Category 5: Remuneration or other material benefit,5,None,None
4978,Lee Waters,Welsh Labour,6. Category 6: Financial sponsorship,6,Member,USDAW (Trade Union) donated £4000 to Llanelli CLP for the 2021 Senedd election
4978,Lee Waters,Welsh Labour,7. Category 7: Overseas visits,7,None,None
4978,Lee Waters,Welsh Labour,8. Category 8: Land and property,8,None,None
4978,Lee Waters,Welsh Labour,9. Category 9: Shareholdings,9,None,None
4978,Lee Waters,Welsh Labour,10. Category 10:Membership/Chairmanship of bodies in receipt of Senedd funds,10,Member,Member - GMB
4978,Lee Waters,Welsh Labour,11. Record of membership of societies,11,NA,None
4978,Lee Waters,Welsh Labour,12. Record of the employment of family members,12,None,None
